{"Products":[{"PRODUCT_ID":1039,"PARENT_CATEGORY_ID":1002,"CATEGORY_ID":1011,"PRODUCT_NAME":"Crayola New Markers - Broad Line, Classic Colors","PRODUCT_STATUS":"AVAILABLE","COST_PRICE":3.19,"LIST_PRICE":4.25,"MIN_PRICE":2.99,"WARRANTY_PERIOD_MONTHS":6,"EXTERNAL_URL":"Images/OfficeSupplyProducts/Write/Write-Crayola_Markers.jpg","TWITTER_TAG":"Crayola","ATTRIBUTE_CATEGORY":null,"ATTRIBUTE1":null,"ATTRIBUTE2":null,"ATTRIBUTE3":null,"ATTRIBUTE4":null,"ATTRIBUTE5":null,"CREATED_BY":"0","CREATION_DATE":"2014-01-10T00:00:00.000Z","LAST_UPDATED_BY":"0","LAST_UPDATE_DATE":"2014-01-10T00:00:00.000Z","OBJECT_VERSION_ID":1},{"PRODUCT_ID":1040,"PARENT_CATEGORY_ID":1002,"CATEGORY_ID":1011,"PRODUCT_NAME":"Expo Low Odor Chisel Tip Dry Erase Markers, 4 Colored Markers","PRODUCT_STATUS":"AVAILABLE","COST_PRICE":4.99,"LIST_PRICE":6.99,"MIN_PRICE":4.29,"WARRANTY_PERIOD_MONTHS":6,"EXTERNAL_URL":"Images/OfficeSupplyProducts/Write/Write-Expo_Dry_Erase.jpg","TWITTER_TAG":"Expodryerase","ATTRIBUTE_CATEGORY":null,"ATTRIBUTE1":null,"ATTRIBUTE2":null,"ATTRIBUTE3":null,"ATTRIBUTE4":null,"ATTRIBUTE5":null,"CREATED_BY":"0","CREATION_DATE":"2014-01-10T00:00:00.000Z","LAST_UPDATED_BY":"0","LAST_UPDATE_DATE":"2014-01-10T00:00:00.000Z","OBJECT_VERSION_ID":1},{"PRODUCT_ID":1041,"PARENT_CATEGORY_ID":1003,"CATEGORY_ID":1013,"PRODUCT_NAME":"Scotch Magic Tape Deluxe Dispenser Value Pack","PRODUCT_STATUS":"AVAILABLE","COST_PRICE":17.99,"LIST_PRICE":22.99,"MIN_PRICE":15.99,"WARRANTY_PERIOD_MONTHS":6,"EXTERNAL_URL":"Images/OfficeSupplyProducts/Fasten/Fasten-Scotch_Tape_and_Dispenser.jpg","TWITTER_TAG":"Scotchtape","ATTRIBUTE_CATEGORY":null,"ATTRIBUTE1":null,"ATTRIBUTE2":null,"ATTRIBUTE3":null,"ATTRIBUTE4":null,"ATTRIBUTE5":null,"CREATED_BY":"0","CREATION_DATE":"2014-01-10T00:00:00.000Z","LAST_UPDATED_BY":"0","LAST_UPDATE_DATE":"2014-01-10T00:00:00.000Z","OBJECT_VERSION_ID":1},{"PRODUCT_ID":1042,"PARENT_CATEGORY_ID":1003,"CATEGORY_ID":1013,"PRODUCT_NAME":"Scotch Gift Wrap Tape in Handheld Dispenser 3/4 x 600 2-pk","PRODUCT_STATUS":"AVAILABLE","COST_PRICE":6.29,"LIST_PRICE":8.99,"MIN_PRICE":4.99,"WARRANTY_PERIOD_MONTHS":6,"EXTERNAL_URL":"Images/OfficeSupplyProducts/Fasten/Fasten-Scotch_Gift_Tape.jpg","TWITTER_TAG":"Scotchtape","ATTRIBUTE_CATEGORY":null,"ATTRIBUTE1":null,"ATTRIBUTE2":null,"ATTRIBUTE3":null,"ATTRIBUTE4":null,"ATTRIBUTE5":null,"CREATED_BY":"0","CREATION_DATE":"2014-01-10T00:00:00.000Z","LAST_UPDATED_BY":"0","LAST_UPDATE_DATE":"2014-01-10T00:00:00.000Z","OBJECT_VERSION_ID":1},{"PRODUCT_ID":1043,"PARENT_CATEGORY_ID":1003,"CATEGORY_ID":1013,"PRODUCT_NAME":"Scotch Chameleon Tape Dispenser with Scotch Magic Tape","PRODUCT_STATUS":"AVAILABLE","COST_PRICE":9.25,"LIST_PRICE":13.99,"MIN_PRICE":6.99,"WARRANTY_PERIOD_MONTHS":6,"EXTERNAL_URL":"Images/OfficeSupplyProducts/Fasten/Fasten-Scotch_Chameleon.jpg","TWITTER_TAG":"Scotchtape","ATTRIBUTE_CATEGORY":null,"ATTRIBUTE1":null,"ATTRIBUTE2":null,"ATTRIBUTE3":null,"ATTRIBUTE4":null,"ATTRIBUTE5":null,"CREATED_BY":"0","CREATION_DATE":"2014-01-10T00:00:00.000Z","LAST_UPDATED_BY":"0","LAST_UPDATE_DATE":"2014-01-10T00:00:00.000Z","OBJECT_VERSION_ID":1},{"PRODUCT_ID":1044,"PARENT_CATEGORY_ID":1004,"CATEGORY_ID":1015,"PRODUCT_NAME":"Bankers Box Stor/File Basic Strength Letter/Legal, 10-Pack","PRODUCT_STATUS":"AVAILABLE","COST_PRICE":19.99,"LIST_PRICE":22.99,"MIN_PRICE":6.99,"WARRANTY_PERIOD_MONTHS":6,"EXTERNAL_URL":"Images/OfficeSupplyProducts/Organize/Organize-File_Storage_Box.jpg","TWITTER_TAG":"AlphaOffice","ATTRIBUTE_CATEGORY":null,"ATTRIBUTE1":null,"ATTRIBUTE2":null,"ATTRIBUTE3":null,"ATTRIBUTE4":null,"ATTRIBUTE5":null,"CREATED_BY":"0","CREATION_DATE":"2014-01-10T00:00:00.000Z","LAST_UPDATED_BY":"0","LAST_UPDATE_DATE":"2014-01-10T00:00:00.000Z","OBJECT_VERSION_ID":1},{"PRODUCT_ID":1045,"PARENT_CATEGORY_ID":1004,"CATEGORY_ID":1015,"PRODUCT_NAME":"Iris Open-Top Large File Bin","PRODUCT_STATUS":"AVAILABLE","COST_PRICE":11.99,"LIST_PRICE":8.99,"MIN_PRICE":6.99,"WARRANTY_PERIOD_MONTHS":6,"EXTERNAL_URL":"Images/OfficeSupplyProducts/Organize/Organize-Iris_Open_Bin.jpg","TWITTER_TAG":"Irisfile","ATTRIBUTE_CATEGORY":null,"ATTRIBUTE1":null,"ATTRIBUTE2":null,"ATTRIBUTE3":null,"ATTRIBUTE4":null,"ATTRIBUTE5":null,"CREATED_BY":"0","CREATION_DATE":"2014-01-10T00:00:00.000Z","LAST_UPDATED_BY":"0","LAST_UPDATE_DATE":"2014-01-10T00:00:00.000Z","OBJECT_VERSION_ID":1},{"PRODUCT_ID":1046,"PARENT_CATEGORY_ID":1004,"CATEGORY_ID":1015,"PRODUCT_NAME":"Iris File-n-Stack Storage Box, Silver","PRODUCT_STATUS":"AVAILABLE","COST_PRICE":14.79,"LIST_PRICE":18.99,"MIN_PRICE":12.99,"WARRANTY_PERIOD_MONTHS":6,"EXTERNAL_URL":"Images/OfficeSupplyProducts/Organize/Organize-Iris_File_Storage_Box.jpg","TWITTER_TAG":"Irisfile","ATTRIBUTE_CATEGORY":null,"ATTRIBUTE1":null,"ATTRIBUTE2":null,"ATTRIBUTE3":null,"ATTRIBUTE4":null,"ATTRIBUTE5":null,"CREATED_BY":"0","CREATION_DATE":"2014-01-10T00:00:00.000Z","LAST_UPDATED_BY":"0","LAST_UPDATE_DATE":"2014-01-10T00:00:00.000Z","OBJECT_VERSION_ID":1},{"PRODUCT_ID":1047,"PARENT_CATEGORY_ID":1004,"CATEGORY_ID":1016,"PRODUCT_NAME":"AT-A-GLANCE 2014 Recycled Monthly Academic Planner Black 6-7/8 X 8-3/4","PRODUCT_STATUS":"AVAILABLE","COST_PRICE":16.99,"LIST_PRICE":20.55,"MIN_PRICE":12.99,"WARRANTY_PERIOD_MONTHS":6,"EXTERNAL_URL":"Images/OfficeSupplyProducts/Organize/Organize-Academic_Planner.jpg","TWITTER_TAG":"AtAGlance","ATTRIBUTE_CATEGORY":null,"ATTRIBUTE1":null,"ATTRIBUTE2":null,"ATTRIBUTE3":null,"ATTRIBUTE4":null,"ATTRIBUTE5":null,"CREATED_BY":"0","CREATION_DATE":"2014-01-10T00:00:00.000Z","LAST_UPDATED_BY":"0","LAST_UPDATE_DATE":"2014-01-10T00:00:00.000Z","OBJECT_VERSION_ID":1},{"PRODUCT_ID":1048,"PARENT_CATEGORY_ID":1004,"CATEGORY_ID":1016,"PRODUCT_NAME":"FranklinCovey Simulated Leather Wire-Bound Cover With Closure","PRODUCT_STATUS":"AVAILABLE","COST_PRICE":34.99,"LIST_PRICE":40.55,"MIN_PRICE":32.55,"WARRANTY_PERIOD_MONTHS":6,"EXTERNAL_URL":"Images/OfficeSupplyProducts/Organize/Organize-Covey_Bound_Planner.jpg","TWITTER_TAG":"FranklinCovey","ATTRIBUTE_CATEGORY":null,"ATTRIBUTE1":null,"ATTRIBUTE2":null,"ATTRIBUTE3":null,"ATTRIBUTE4":null,"ATTRIBUTE5":null,"CREATED_BY":"0","CREATION_DATE":"2014-01-10T00:00:00.000Z","LAST_UPDATED_BY":"0","LAST_UPDATE_DATE":"2014-01-10T00:00:00.000Z","OBJECT_VERSION_ID":1},{"PRODUCT_ID":1049,"PARENT_CATEGORY_ID":1004,"CATEGORY_ID":1016,"PRODUCT_NAME":"Day-Timer Pink Ribbon Leather Starter Set, 5 1/2 x 8 1/","PRODUCT_STATUS":"AVAILABLE","COST_PRICE":71.99,"LIST_PRICE":80.99,"MIN_PRICE":65.99,"WARRANTY_PERIOD_MONTHS":6,"EXTERNAL_URL":"Images/OfficeSupplyProducts/Organize/Organize-DayTimer_Pink_Planner.jpg","TWITTER_TAG":"DayTimer","ATTRIBUTE_CATEGORY":null,"ATTRIBUTE1":null,"ATTRIBUTE2":null,"ATTRIBUTE3":null,"ATTRIBUTE4":null,"ATTRIBUTE5":null,"CREATED_BY":"0","CREATION_DATE":"2014-01-10T00:00:00.000Z","LAST_UPDATED_BY":"0","LAST_UPDATE_DATE":"2014-01-10T00:00:00.000Z","OBJECT_VERSION_ID":1},{"PRODUCT_ID":1050,"PARENT_CATEGORY_ID":1004,"CATEGORY_ID":1017,"PRODUCT_NAME":"Post-it(R) Notes, 1 1/2 x 2, Canary Yellow, 12 Pads/Pack","PRODUCT_STATUS":"AVAILABLE","COST_PRICE":7.79,"LIST_PRICE":8.99,"MIN_PRICE":6.99,"WARRANTY_PERIOD_MONTHS":6,"EXTERNAL_URL":"Images/OfficeSupplyProducts/Organize/Organize-PostIt_Notes_Pack_Yellow.jpg","TWITTER_TAG":"3MPostit","ATTRIBUTE_CATEGORY":null,"ATTRIBUTE1":null,"ATTRIBUTE2":null,"ATTRIBUTE3":null,"ATTRIBUTE4":null,"ATTRIBUTE5":null,"CREATED_BY":"0","CREATION_DATE":"2014-01-10T00:00:00.000Z","LAST_UPDATED_BY":"0","LAST_UPDATE_DATE":"2014-01-10T00:00:00.000Z","OBJECT_VERSION_ID":1},{"PRODUCT_ID":1051,"PARENT_CATEGORY_ID":1004,"CATEGORY_ID":1017,"PRODUCT_NAME":"Post-it(R) Notes, 1 1/2x 2, Neon Collection, 12 Pads/Pack","PRODUCT_STATUS":"AVAILABLE","COST_PRICE":7.49,"LIST_PRICE":8.99,"MIN_PRICE":6.99,"WARRANTY_PERIOD_MONTHS":6,"EXTERNAL_URL":"Images/OfficeSupplyProducts/Organize/Organize-PostIt_Notes_Pack_Neon.jpg","TWITTER_TAG":"3MPostit","ATTRIBUTE_CATEGORY":null,"ATTRIBUTE1":null,"ATTRIBUTE2":null,"ATTRIBUTE3":null,"ATTRIBUTE4":null,"ATTRIBUTE5":null,"CREATED_BY":"0","CREATION_DATE":"2014-01-10T00:00:00.000Z","LAST_UPDATED_BY":"0","LAST_UPDATE_DATE":"2014-01-10T00:00:00.000Z","OBJECT_VERSION_ID":1},{"PRODUCT_ID":1052,"PARENT_CATEGORY_ID":1004,"CATEGORY_ID":1017,"PRODUCT_NAME":"Post-it(R) Flags Value Pack, Assorted Colors, 1/2 Wide, 35/Dispenser, 8 Dispensers/Pack plus FREE Arrow Flags","PRODUCT_STATUS":"AVAILABLE","COST_PRICE":10.79,"LIST_PRICE":12.99,"MIN_PRICE":8.99,"WARRANTY_PERIOD_MONTHS":6,"EXTERNAL_URL":"Images/OfficeSupplyProducts/Organize/Organize-PostIt_Flags.jpg","TWITTER_TAG":"3MPostit","ATTRIBUTE_CATEGORY":null,"ATTRIBUTE1":null,"ATTRIBUTE2":null,"ATTRIBUTE3":null,"ATTRIBUTE4":null,"ATTRIBUTE5":null,"CREATED_BY":"0","CREATION_DATE":"2014-01-10T00:00:00.000Z","LAST_UPDATED_BY":"0","LAST_UPDATE_DATE":"2014-01-10T00:00:00.000Z","OBJECT_VERSION_ID":1},{"PRODUCT_ID":1053,"PARENT_CATEGORY_ID":1005,"CATEGORY_ID":1018,"PRODUCT_NAME":"Caremail Kraft Self-Seal Rigid Mailers","PRODUCT_STATUS":"AVAILABLE","COST_PRICE":19.08,"LIST_PRICE":22.99,"MIN_PRICE":16.99,"WARRANTY_PERIOD_MONTHS":6,"EXTERNAL_URL":"Images/OfficeSupplyProducts/Ship/Ship-Mailer_Envelopes.jpg","TWITTER_TAG":"AlphaOffice","ATTRIBUTE_CATEGORY":null,"ATTRIBUTE1":null,"ATTRIBUTE2":null,"ATTRIBUTE3":null,"ATTRIBUTE4":null,"ATTRIBUTE5":null,"CREATED_BY":"0","CREATION_DATE":"2014-01-10T00:00:00.000Z","LAST_UPDATED_BY":"0","LAST_UPDATE_DATE":"2014-01-10T00:00:00.000Z","OBJECT_VERSION_ID":1},{"PRODUCT_ID":1054,"PARENT_CATEGORY_ID":1005,"CATEGORY_ID":1018,"PRODUCT_NAME":"White Self-Seal Flat Mailers","PRODUCT_STATUS":"AVAILABLE","COST_PRICE":21.09,"LIST_PRICE":23.99,"MIN_PRICE":19.99,"WARRANTY_PERIOD_MONTHS":6,"EXTERNAL_URL":"Images/OfficeSupplyProducts/Ship/Ship-White_Self_Seal_Mailers.jpg","TWITTER_TAG":"AlphaOffice","ATTRIBUTE_CATEGORY":null,"ATTRIBUTE1":null,"ATTRIBUTE2":null,"ATTRIBUTE3":null,"ATTRIBUTE4":null,"ATTRIBUTE5":null,"CREATED_BY":"0","CREATION_DATE":"2014-01-10T00:00:00.000Z","LAST_UPDATED_BY":"0","LAST_UPDATE_DATE":"2014-01-10T00:00:00.000Z","OBJECT_VERSION_ID":1},{"PRODUCT_ID":1055,"PARENT_CATEGORY_ID":1005,"CATEGORY_ID":1019,"PRODUCT_NAME":"4-Inch & 5-Inch Long Corrugated Shipping Boxes","PRODUCT_STATUS":"AVAILABLE","COST_PRICE":9.69,"LIST_PRICE":12.99,"MIN_PRICE":6.99,"WARRANTY_PERIOD_MONTHS":6,"EXTERNAL_URL":"Images/OfficeSupplyProducts/Ship/Ship-Small_Shipping_Boxes.jpg","TWITTER_TAG":"AlphaOffice","ATTRIBUTE_CATEGORY":null,"ATTRIBUTE1":null,"ATTRIBUTE2":null,"ATTRIBUTE3":null,"ATTRIBUTE4":null,"ATTRIBUTE5":null,"CREATED_BY":"0","CREATION_DATE":"2014-01-10T00:00:00.000Z","LAST_UPDATED_BY":"0","LAST_UPDATE_DATE":"2014-01-10T00:00:00.000Z","OBJECT_VERSION_ID":1},{"PRODUCT_ID":1056,"PARENT_CATEGORY_ID":1005,"CATEGORY_ID":1020,"PRODUCT_NAME":"Scotch 3850 Premium Performance Packaging Tape Refill Rolls","PRODUCT_STATUS":"AVAILABLE","COST_PRICE":19.99,"LIST_PRICE":22.99,"MIN_PRICE":15.99,"WARRANTY_PERIOD_MONTHS":6,"EXTERNAL_URL":"Images/OfficeSupplyProducts/Ship/Ship-Scotch_Refill_Tape.jpg","TWITTER_TAG":"Scotchpack","ATTRIBUTE_CATEGORY":null,"ATTRIBUTE1":null,"ATTRIBUTE2":null,"ATTRIBUTE3":null,"ATTRIBUTE4":null,"ATTRIBUTE5":null,"CREATED_BY":"0","CREATION_DATE":"2014-01-10T00:00:00.000Z","LAST_UPDATED_BY":"0","LAST_UPDATE_DATE":"2014-01-10T00:00:00.000Z","OBJECT_VERSION_ID":1},{"PRODUCT_ID":1057,"PARENT_CATEGORY_ID":1005,"CATEGORY_ID":1020,"PRODUCT_NAME":"Duck Brand Extra-Wide Packaging Tape Dispenser, 1/pk.","PRODUCT_STATUS":"AVAILABLE","COST_PRICE":12.99,"LIST_PRICE":14.99,"MIN_PRICE":10.99,"WARRANTY_PERIOD_MONTHS":6,"EXTERNAL_URL":"Images/OfficeSupplyProducts/Ship/Ship-Duck_Brand_Tape_Dispenser.jpg","TWITTER_TAG":"AlphaOffice","ATTRIBUTE_CATEGORY":null,"ATTRIBUTE1":null,"ATTRIBUTE2":null,"ATTRIBUTE3":null,"ATTRIBUTE4":null,"ATTRIBUTE5":null,"CREATED_BY":"0","CREATION_DATE":"2014-01-10T00:00:00.000Z","LAST_UPDATED_BY":"0","LAST_UPDATE_DATE":"2014-01-10T00:00:00.000Z","OBJECT_VERSION_ID":1},{"PRODUCT_ID":1001,"PARENT_CATEGORY_ID":1001,"CATEGORY_ID":1007,"PRODUCT_NAME":"Compatible Canon Inkjet Cartridge w/ Smart Chip, 4530B001AA / PGI-225 Pigment Black Ink","PRODUCT_STATUS":"AVAILABLE","COST_PRICE":14.79,"LIST_PRICE":16.79,"MIN_PRICE":12.79,"WARRANTY_PERIOD_MONTHS":6,"EXTERNAL_URL":"Images/OfficeSupplyProducts/Print/Print-CanonInk_225bk.jpg","TWITTER_TAG":"Canoninkjet","ATTRIBUTE_CATEGORY":null,"ATTRIBUTE1":null,"ATTRIBUTE2":null,"ATTRIBUTE3":null,"ATTRIBUTE4":null,"ATTRIBUTE5":null,"CREATED_BY":"0","CREATION_DATE":"2014-01-10T00:00:00.000Z","LAST_UPDATED_BY":"0","LAST_UPDATE_DATE":"2014-01-10T00:00:00.000Z","OBJECT_VERSION_ID":1},{"PRODUCT_ID":1002,"PARENT_CATEGORY_ID":1001,"CATEGORY_ID":1007,"PRODUCT_NAME":"Compatible Canon Inkjet Cartridge w/ Smart Chip, 4549B001AA / CLI-226 Yellow Ink","PRODUCT_STATUS":"AVAILABLE","COST_PRICE":15.7,"LIST_PRICE":18.99,"MIN_PRICE":13.26,"WARRANTY_PERIOD_MONTHS":6,"EXTERNAL_URL":"Images/OfficeSupplyProducts/Print/Print_CanonInk_226y.jpg","TWITTER_TAG":"Canoninkjet","ATTRIBUTE_CATEGORY":null,"ATTRIBUTE1":null,"ATTRIBUTE2":null,"ATTRIBUTE3":null,"ATTRIBUTE4":null,"ATTRIBUTE5":null,"CREATED_BY":"0","CREATION_DATE":"2014-01-10T00:00:00.000Z","LAST_UPDATED_BY":"0","LAST_UPDATE_DATE":"2014-01-10T00:00:00.000Z","OBJECT_VERSION_ID":1},{"PRODUCT_ID":1003,"PARENT_CATEGORY_ID":1001,"CATEGORY_ID":1007,"PRODUCT_NAME":"Compatible Canon Inkjet Cartridge w/ Smart Chip, 4547B001AA / CLI-226 Cyan Ink","PRODUCT_STATUS":"AVAILABLE","COST_PRICE":16.7,"LIST_PRICE":18.79,"MIN_PRICE":14.25,"WARRANTY_PERIOD_MONTHS":6,"EXTERNAL_URL":"Images/OfficeSupplyProducts/Print/Print-CanonInk_226c.jpg","TWITTER_TAG":"Canoninkjet","ATTRIBUTE_CATEGORY":null,"ATTRIBUTE1":null,"ATTRIBUTE2":null,"ATTRIBUTE3":null,"ATTRIBUTE4":null,"ATTRIBUTE5":null,"CREATED_BY":"0","CREATION_DATE":"2014-01-10T00:00:00.000Z","LAST_UPDATED_BY":"0","LAST_UPDATE_DATE":"2014-01-10T00:00:00.000Z","OBJECT_VERSION_ID":1},{"PRODUCT_ID":1004,"PARENT_CATEGORY_ID":1001,"CATEGORY_ID":1007,"PRODUCT_NAME":"Compatible Canon Inkjet Cartridge w/ Smart Chip, 4548B001AA / CLI-226 Magenta Ink","PRODUCT_STATUS":"AVAILABLE","COST_PRICE":18.7,"LIST_PRICE":22.79,"MIN_PRICE":14.22,"WARRANTY_PERIOD_MONTHS":6,"EXTERNAL_URL":"Images/OfficeSupplyProducts/Print/Print-CanonInk_226m.jpg","TWITTER_TAG":"Canoninkjet","ATTRIBUTE_CATEGORY":null,"ATTRIBUTE1":null,"ATTRIBUTE2":null,"ATTRIBUTE3":null,"ATTRIBUTE4":null,"ATTRIBUTE5":null,"CREATED_BY":"0","CREATION_DATE":"2014-01-10T00:00:00.000Z","LAST_UPDATED_BY":"0","LAST_UPDATE_DATE":"2014-01-10T00:00:00.000Z","OBJECT_VERSION_ID":1},{"PRODUCT_ID":1005,"PARENT_CATEGORY_ID":1001,"CATEGORY_ID":1007,"PRODUCT_NAME":"Compatible Canon Inkjet Cartridges, PGI225 / CLI226 (12 Piece Set includes 4 Pigment Black, 2 Dye Black, 2 Cyan, 2 Magenta and 2 Yellow)","PRODUCT_STATUS":"AVAILABLE","COST_PRICE":19.7,"LIST_PRICE":21.79,"MIN_PRICE":14.75,"WARRANTY_PERIOD_MONTHS":6,"EXTERNAL_URL":"Images/OfficeSupplyProducts/Print/Print-CanonInk_pgi225bulk.jpg","TWITTER_TAG":"Canoninkjet","ATTRIBUTE_CATEGORY":null,"ATTRIBUTE1":null,"ATTRIBUTE2":null,"ATTRIBUTE3":null,"ATTRIBUTE4":null,"ATTRIBUTE5":null,"CREATED_BY":"0","CREATION_DATE":"2014-01-10T00:00:00.000Z","LAST_UPDATED_BY":"0","LAST_UPDATE_DATE":"2014-01-10T00:00:00.000Z","OBJECT_VERSION_ID":1},{"PRODUCT_ID":1006,"PARENT_CATEGORY_ID":1002,"CATEGORY_ID":1009,"PRODUCT_NAME":"Bic Crystal Fine point","PRODUCT_STATUS":"AVAILABLE","COST_PRICE":5.9,"LIST_PRICE":8.99,"MIN_PRICE":3.99,"WARRANTY_PERIOD_MONTHS":6,"EXTERNAL_URL":"Images/OfficeSupplyProducts/Write/Write-cristal_fine1.jpg","TWITTER_TAG":"Bicpens","ATTRIBUTE_CATEGORY":null,"ATTRIBUTE1":null,"ATTRIBUTE2":null,"ATTRIBUTE3":null,"ATTRIBUTE4":null,"ATTRIBUTE5":null,"CREATED_BY":"0","CREATION_DATE":"2014-01-10T00:00:00.000Z","LAST_UPDATED_BY":"0","LAST_UPDATE_DATE":"2014-01-10T00:00:00.000Z","OBJECT_VERSION_ID":1},{"PRODUCT_ID":1007,"PARENT_CATEGORY_ID":1002,"CATEGORY_ID":1009,"PRODUCT_NAME":"Bic Crystal Large bold","PRODUCT_STATUS":"AVAILABLE","COST_PRICE":6.99,"LIST_PRICE":8.99,"MIN_PRICE":3.99,"WARRANTY_PERIOD_MONTHS":6,"EXTERNAL_URL":"Images/OfficeSupplyProducts/Write/Write-cristal_largebold.jpg","TWITTER_TAG":"Bicpens","ATTRIBUTE_CATEGORY":null,"ATTRIBUTE1":null,"ATTRIBUTE2":null,"ATTRIBUTE3":null,"ATTRIBUTE4":null,"ATTRIBUTE5":null,"CREATED_BY":"0","CREATION_DATE":"2014-01-10T00:00:00.000Z","LAST_UPDATED_BY":"0","LAST_UPDATE_DATE":"2014-01-10T00:00:00.000Z","OBJECT_VERSION_ID":1},{"PRODUCT_ID":1008,"PARENT_CATEGORY_ID":1002,"CATEGORY_ID":1009,"PRODUCT_NAME":"Bic Crystal Grip black","PRODUCT_STATUS":"AVAILABLE","COST_PRICE":7.99,"LIST_PRICE":8.99,"MIN_PRICE":3.99,"WARRANTY_PERIOD_MONTHS":6,"EXTERNAL_URL":"Images/OfficeSupplyProducts/Write/Write-CristalGrip_bkHR.jpg","TWITTER_TAG":"Bicpens","ATTRIBUTE_CATEGORY":null,"ATTRIBUTE1":null,"ATTRIBUTE2":null,"ATTRIBUTE3":null,"ATTRIBUTE4":null,"ATTRIBUTE5":null,"CREATED_BY":"0","CREATION_DATE":"2014-01-10T00:00:00.000Z","LAST_UPDATED_BY":"0","LAST_UPDATE_DATE":"2014-01-10T00:00:00.000Z","OBJECT_VERSION_ID":1},{"PRODUCT_ID":1009,"PARENT_CATEGORY_ID":1002,"CATEGORY_ID":1009,"PRODUCT_NAME":"Bic Crystal Click","PRODUCT_STATUS":"AVAILABLE","COST_PRICE":8.99,"LIST_PRICE":10.99,"MIN_PRICE":3.99,"WARRANTY_PERIOD_MONTHS":6,"EXTERNAL_URL":"Images/OfficeSupplyProducts/Write/Write-Crystal_Click.jpg","TWITTER_TAG":"Bicpens","ATTRIBUTE_CATEGORY":null,"ATTRIBUTE1":null,"ATTRIBUTE2":null,"ATTRIBUTE3":null,"ATTRIBUTE4":null,"ATTRIBUTE5":null,"CREATED_BY":"0","CREATION_DATE":"2014-01-10T00:00:00.000Z","LAST_UPDATED_BY":"0","LAST_UPDATE_DATE":"2014-01-10T00:00:00.000Z","OBJECT_VERSION_ID":1},{"PRODUCT_ID":1010,"PARENT_CATEGORY_ID":1002,"CATEGORY_ID":1009,"PRODUCT_NAME":"Bic Crystal Decor","PRODUCT_STATUS":"AVAILABLE","COST_PRICE":9.99,"LIST_PRICE":12.99,"MIN_PRICE":4.99,"WARRANTY_PERIOD_MONTHS":6,"EXTERNAL_URL":"Images/OfficeSupplyProducts/Write/Write-Crystal_Decor.jpg","TWITTER_TAG":"Bicpens","ATTRIBUTE_CATEGORY":null,"ATTRIBUTE1":null,"ATTRIBUTE2":null,"ATTRIBUTE3":null,"ATTRIBUTE4":null,"ATTRIBUTE5":null,"CREATED_BY":"0","CREATION_DATE":"2014-01-10T00:00:00.000Z","LAST_UPDATED_BY":"0","LAST_UPDATE_DATE":"2014-01-10T00:00:00.000Z","OBJECT_VERSION_ID":1},{"PRODUCT_ID":1011,"PARENT_CATEGORY_ID":1003,"CATEGORY_ID":1012,"PRODUCT_NAME":"Medium Binder Clips, 1 1/4 Wide, 5/8 Capacity, Black, Pack Of 24","PRODUCT_STATUS":"AVAILABLE","COST_PRICE":4.99,"LIST_PRICE":7.99,"MIN_PRICE":2.99,"WARRANTY_PERIOD_MONTHS":6,"EXTERNAL_URL":"Images/OfficeSupplyProducts/Fasten/Fasten-BinderClips_medium.jpg","TWITTER_TAG":"AlphaOffice","ATTRIBUTE_CATEGORY":null,"ATTRIBUTE1":null,"ATTRIBUTE2":null,"ATTRIBUTE3":null,"ATTRIBUTE4":null,"ATTRIBUTE5":null,"CREATED_BY":"0","CREATION_DATE":"2014-01-10T00:00:00.000Z","LAST_UPDATED_BY":"0","LAST_UPDATE_DATE":"2014-01-10T00:00:00.000Z","OBJECT_VERSION_ID":1},{"PRODUCT_ID":1012,"PARENT_CATEGORY_ID":1003,"CATEGORY_ID":1012,"PRODUCT_NAME":"Small Binder Clips, 3/4 Wide, 3/8 Capacity, Black, Pack Of 36","PRODUCT_STATUS":"AVAILABLE","COST_PRICE":3.49,"LIST_PRICE":4.25,"MIN_PRICE":2.25,"WARRANTY_PERIOD_MONTHS":6,"EXTERNAL_URL":"Images/OfficeSupplyProducts/Fasten/Fasten-BinderClips_small.jpg","TWITTER_TAG":"AlphaOffice","ATTRIBUTE_CATEGORY":null,"ATTRIBUTE1":null,"ATTRIBUTE2":null,"ATTRIBUTE3":null,"ATTRIBUTE4":null,"ATTRIBUTE5":null,"CREATED_BY":"0","CREATION_DATE":"2014-01-10T00:00:00.000Z","LAST_UPDATED_BY":"0","LAST_UPDATE_DATE":"2014-01-10T00:00:00.000Z","OBJECT_VERSION_ID":1},{"PRODUCT_ID":1013,"PARENT_CATEGORY_ID":1003,"CATEGORY_ID":1012,"PRODUCT_NAME":"Paper Clips-100","PRODUCT_STATUS":"AVAILABLE","COST_PRICE":1.99,"LIST_PRICE":2.99,"MIN_PRICE":1.25,"WARRANTY_PERIOD_MONTHS":6,"EXTERNAL_URL":"Images/OfficeSupplyProducts/Fasten/Fasten-PaperClips_smooth.jpg","TWITTER_TAG":"AlphaOffice","ATTRIBUTE_CATEGORY":null,"ATTRIBUTE1":null,"ATTRIBUTE2":null,"ATTRIBUTE3":null,"ATTRIBUTE4":null,"ATTRIBUTE5":null,"CREATED_BY":"0","CREATION_DATE":"2014-01-10T00:00:00.000Z","LAST_UPDATED_BY":"0","LAST_UPDATE_DATE":"2014-01-10T00:00:00.000Z","OBJECT_VERSION_ID":1},{"PRODUCT_ID":1014,"PARENT_CATEGORY_ID":1003,"CATEGORY_ID":1012,"PRODUCT_NAME":"Clip-RiteÂ¿ Clip-TabsÂ¿, 1 1/4, Assorted Colors, Pack Of 36","PRODUCT_STATUS":"AVAILABLE","COST_PRICE":3.99,"LIST_PRICE":4.99,"MIN_PRICE":2.99,"WARRANTY_PERIOD_MONTHS":6,"EXTERNAL_URL":"Images/OfficeSupplyProducts/Fasten/Fasten-ClipRite_colors.jpg","TWITTER_TAG":"AlphaOffice","ATTRIBUTE_CATEGORY":null,"ATTRIBUTE1":null,"ATTRIBUTE2":null,"ATTRIBUTE3":null,"ATTRIBUTE4":null,"ATTRIBUTE5":null,"CREATED_BY":"0","CREATION_DATE":"2014-01-10T00:00:00.000Z","LAST_UPDATED_BY":"0","LAST_UPDATE_DATE":"2014-01-10T00:00:00.000Z","OBJECT_VERSION_ID":1},{"PRODUCT_ID":1015,"PARENT_CATEGORY_ID":1003,"CATEGORY_ID":1012,"PRODUCT_NAME":"Ideal Clamps, 1 1/2, Silver, Pack Of 50","PRODUCT_STATUS":"AVAILABLE","COST_PRICE":4.99,"LIST_PRICE":5.99,"MIN_PRICE":3.99,"WARRANTY_PERIOD_MONTHS":6,"EXTERNAL_URL":"Images/OfficeSupplyProducts/Fasten/Fasten-Clamps.jpg","TWITTER_TAG":"AlphaOffice","ATTRIBUTE_CATEGORY":null,"ATTRIBUTE1":null,"ATTRIBUTE2":null,"ATTRIBUTE3":null,"ATTRIBUTE4":null,"ATTRIBUTE5":null,"CREATED_BY":"0","CREATION_DATE":"2014-01-10T00:00:00.000Z","LAST_UPDATED_BY":"0","LAST_UPDATE_DATE":"2014-01-10T00:00:00.000Z","OBJECT_VERSION_ID":1},{"PRODUCT_ID":1016,"PARENT_CATEGORY_ID":1003,"CATEGORY_ID":1014,"PRODUCT_NAME":"AveryÂ¿ Self-Adhesive Index Tabs With Printable Inserts, 2, Clear, Pack Of 25","PRODUCT_STATUS":"AVAILABLE","COST_PRICE":6.49,"LIST_PRICE":8.99,"MIN_PRICE":5.49,"WARRANTY_PERIOD_MONTHS":6,"EXTERNAL_URL":"Images/OfficeSupplyProducts/Organize/Organize-IndexTabs-25.jpg","TWITTER_TAG":"Averyoffice","ATTRIBUTE_CATEGORY":null,"ATTRIBUTE1":null,"ATTRIBUTE2":null,"ATTRIBUTE3":null,"ATTRIBUTE4":null,"ATTRIBUTE5":null,"CREATED_BY":"0","CREATION_DATE":"2014-01-10T00:00:00.000Z","LAST_UPDATED_BY":"0","LAST_UPDATE_DATE":"2014-01-10T00:00:00.000Z","OBJECT_VERSION_ID":1},{"PRODUCT_ID":1017,"PARENT_CATEGORY_ID":1003,"CATEGORY_ID":1014,"PRODUCT_NAME":"Redi-TagÂ¿ Permanent Index Tabs, Blank, White, Pack Of 104 Tabs","PRODUCT_STATUS":"AVAILABLE","COST_PRICE":5.49,"LIST_PRICE":6.49,"MIN_PRICE":3.25,"WARRANTY_PERIOD_MONTHS":6,"EXTERNAL_URL":"Images/OfficeSupplyProducts/Organize/Organize-IndexTabs-104.jpg","TWITTER_TAG":"AlphaOffice","ATTRIBUTE_CATEGORY":null,"ATTRIBUTE1":null,"ATTRIBUTE2":null,"ATTRIBUTE3":null,"ATTRIBUTE4":null,"ATTRIBUTE5":null,"CREATED_BY":"0","CREATION_DATE":"2014-01-10T00:00:00.000Z","LAST_UPDATED_BY":"0","LAST_UPDATE_DATE":"2014-01-10T00:00:00.000Z","OBJECT_VERSION_ID":1},{"PRODUCT_ID":1018,"PARENT_CATEGORY_ID":1003,"CATEGORY_ID":1014,"PRODUCT_NAME":"AveryÂ¿ Write-OnÂ¿ Tabs, 1 3/4, Multicolor, Pack Of 48","PRODUCT_STATUS":"AVAILABLE","COST_PRICE":3.99,"LIST_PRICE":4.49,"MIN_PRICE":2.49,"WARRANTY_PERIOD_MONTHS":6,"EXTERNAL_URL":"Images/OfficeSupplyProducts/Organize/Organize-WriteonTabs-48.jpg","TWITTER_TAG":"Averyoffice","ATTRIBUTE_CATEGORY":null,"ATTRIBUTE1":null,"ATTRIBUTE2":null,"ATTRIBUTE3":null,"ATTRIBUTE4":null,"ATTRIBUTE5":null,"CREATED_BY":"0","CREATION_DATE":"2014-01-10T00:00:00.000Z","LAST_UPDATED_BY":"0","LAST_UPDATE_DATE":"2014-01-10T00:00:00.000Z","OBJECT_VERSION_ID":1},{"PRODUCT_ID":1019,"PARENT_CATEGORY_ID":1003,"CATEGORY_ID":1012,"PRODUCT_NAME":"Office DepotÂ¿ Brand Round-Head Fasteners, 1, Brass, Pack Of 100","PRODUCT_STATUS":"AVAILABLE","COST_PRICE":2.99,"LIST_PRICE":4.99,"MIN_PRICE":1.51,"WARRANTY_PERIOD_MONTHS":6,"EXTERNAL_URL":"Images/OfficeSupplyProducts/Fasten/Fasten-RoundHead-100.jpg","TWITTER_TAG":"OfficeDepBrand","ATTRIBUTE_CATEGORY":null,"ATTRIBUTE1":null,"ATTRIBUTE2":null,"ATTRIBUTE3":null,"ATTRIBUTE4":null,"ATTRIBUTE5":null,"CREATED_BY":"0","CREATION_DATE":"2014-01-10T00:00:00.000Z","LAST_UPDATED_BY":"0","LAST_UPDATE_DATE":"2014-01-10T00:00:00.000Z","OBJECT_VERSION_ID":1},{"PRODUCT_ID":1020,"PARENT_CATEGORY_ID":1003,"CATEGORY_ID":1012,"PRODUCT_NAME":"Office DepotÂ¿ Brand Brass Fasteners, 1 1/2 Length, Pack Of 60","PRODUCT_STATUS":"AVAILABLE","COST_PRICE":2.49,"LIST_PRICE":3.99,"MIN_PRICE":1.52,"WARRANTY_PERIOD_MONTHS":6,"EXTERNAL_URL":"Images/OfficeSupplyProducts/Fasten/Fasten-RoundHead-60.jpg","TWITTER_TAG":"OfficeDepBrand","ATTRIBUTE_CATEGORY":null,"ATTRIBUTE1":null,"ATTRIBUTE2":null,"ATTRIBUTE3":null,"ATTRIBUTE4":null,"ATTRIBUTE5":null,"CREATED_BY":"0","CREATION_DATE":"2014-01-10T00:00:00.000Z","LAST_UPDATED_BY":"0","LAST_UPDATE_DATE":"2014-01-10T00:00:00.000Z","OBJECT_VERSION_ID":1},{"PRODUCT_ID":1021,"PARENT_CATEGORY_ID":1003,"CATEGORY_ID":1012,"PRODUCT_NAME":"Charles Leonard Aluminum Screw Posts, 3L x 3/16D, Box Of 100","PRODUCT_STATUS":"AVAILABLE","COST_PRICE":3.49,"LIST_PRICE":4.99,"MIN_PRICE":1.53,"WARRANTY_PERIOD_MONTHS":6,"EXTERNAL_URL":"Images/OfficeSupplyProducts/Fasten/Fasten-SilverScrews_100.jpg","TWITTER_TAG":"AlphaOffice","ATTRIBUTE_CATEGORY":null,"ATTRIBUTE1":null,"ATTRIBUTE2":null,"ATTRIBUTE3":null,"ATTRIBUTE4":null,"ATTRIBUTE5":null,"CREATED_BY":"0","CREATION_DATE":"2014-01-10T00:00:00.000Z","LAST_UPDATED_BY":"0","LAST_UPDATE_DATE":"2014-01-10T00:00:00.000Z","OBJECT_VERSION_ID":1},{"PRODUCT_ID":1022,"PARENT_CATEGORY_ID":1005,"CATEGORY_ID":1018,"PRODUCT_NAME":"ScotchÂ¿ Bubble Pouches, 8 x 10, Clear, Pack Of 8","PRODUCT_STATUS":"AVAILABLE","COST_PRICE":14.37,"LIST_PRICE":16.99,"MIN_PRICE":12.25,"WARRANTY_PERIOD_MONTHS":6,"EXTERNAL_URL":"Images/OfficeSupplyProducts/Ship/Ship-BubbleWrap_8x10.jpg","TWITTER_TAG":"Scotchpack","ATTRIBUTE_CATEGORY":null,"ATTRIBUTE1":null,"ATTRIBUTE2":null,"ATTRIBUTE3":null,"ATTRIBUTE4":null,"ATTRIBUTE5":null,"CREATED_BY":"0","CREATION_DATE":"2014-01-10T00:00:00.000Z","LAST_UPDATED_BY":"0","LAST_UPDATE_DATE":"2014-01-10T00:00:00.000Z","OBJECT_VERSION_ID":1},{"PRODUCT_ID":1023,"PARENT_CATEGORY_ID":1005,"CATEGORY_ID":1019,"PRODUCT_NAME":"Office DepotÂ¿ Brand 100% Recycled Packing Paper, 24 x 36, Natural","PRODUCT_STATUS":"AVAILABLE","COST_PRICE":8.99,"LIST_PRICE":12.99,"MIN_PRICE":7.25,"WARRANTY_PERIOD_MONTHS":6,"EXTERNAL_URL":"Images/OfficeSupplyProducts/Ship/Ship-PackingPaper_1.jpg","TWITTER_TAG":"OfficeDepBrand","ATTRIBUTE_CATEGORY":null,"ATTRIBUTE1":null,"ATTRIBUTE2":null,"ATTRIBUTE3":null,"ATTRIBUTE4":null,"ATTRIBUTE5":null,"CREATED_BY":"0","CREATION_DATE":"2014-01-10T00:00:00.000Z","LAST_UPDATED_BY":"0","LAST_UPDATE_DATE":"2014-01-10T00:00:00.000Z","OBJECT_VERSION_ID":1},{"PRODUCT_ID":1024,"PARENT_CATEGORY_ID":1005,"CATEGORY_ID":1019,"PRODUCT_NAME":"Office DepotÂ¿ Brand Flo-PakÂ¿ 100% Recycled Peanuts, Heavy-Duty","PRODUCT_STATUS":"AVAILABLE","COST_PRICE":14.25,"LIST_PRICE":18.99,"MIN_PRICE":12.99,"WARRANTY_PERIOD_MONTHS":6,"EXTERNAL_URL":"Images/OfficeSupplyProducts/Ship/Ship-PackingPnuts_1.jpg","TWITTER_TAG":"OfficeDepBrand","ATTRIBUTE_CATEGORY":null,"ATTRIBUTE1":null,"ATTRIBUTE2":null,"ATTRIBUTE3":null,"ATTRIBUTE4":null,"ATTRIBUTE5":null,"CREATED_BY":"0","CREATION_DATE":"2014-01-10T00:00:00.000Z","LAST_UPDATED_BY":"0","LAST_UPDATE_DATE":"2014-01-10T00:00:00.000Z","OBJECT_VERSION_ID":1},{"PRODUCT_ID":1025,"PARENT_CATEGORY_ID":1005,"CATEGORY_ID":1019,"PRODUCT_NAME":"ScotchÂ¿ Packing Paper, 19 3/4 x 25, Pack Of 75 Sheets","PRODUCT_STATUS":"AVAILABLE","COST_PRICE":8.99,"LIST_PRICE":12.99,"MIN_PRICE":6.99,"WARRANTY_PERIOD_MONTHS":6,"EXTERNAL_URL":"Images/OfficeSupplyProducts/Ship/Ship-PackingPaper_20x25.jpg","TWITTER_TAG":"Scotchpack","ATTRIBUTE_CATEGORY":null,"ATTRIBUTE1":null,"ATTRIBUTE2":null,"ATTRIBUTE3":null,"ATTRIBUTE4":null,"ATTRIBUTE5":null,"CREATED_BY":"0","CREATION_DATE":"2014-01-10T00:00:00.000Z","LAST_UPDATED_BY":"0","LAST_UPDATE_DATE":"2014-01-10T00:00:00.000Z","OBJECT_VERSION_ID":1},{"PRODUCT_ID":1026,"PARENT_CATEGORY_ID":1005,"CATEGORY_ID":1020,"PRODUCT_NAME":"ScotchÂ¿ Heavy-Duty Shipping Tape With Dispenser, 2 x 22.2 Yd., Clear","PRODUCT_STATUS":"AVAILABLE","COST_PRICE":26.99,"LIST_PRICE":29.99,"MIN_PRICE":24.99,"WARRANTY_PERIOD_MONTHS":6,"EXTERNAL_URL":"Images/OfficeSupplyProducts/Ship/Ship-ShippingTape_22yd.jpg","TWITTER_TAG":"Scotchpack","ATTRIBUTE_CATEGORY":null,"ATTRIBUTE1":null,"ATTRIBUTE2":null,"ATTRIBUTE3":null,"ATTRIBUTE4":null,"ATTRIBUTE5":null,"CREATED_BY":"0","CREATION_DATE":"2014-01-10T00:00:00.000Z","LAST_UPDATED_BY":"0","LAST_UPDATE_DATE":"2014-01-10T00:00:00.000Z","OBJECT_VERSION_ID":1},{"PRODUCT_ID":1027,"PARENT_CATEGORY_ID":1001,"CATEGORY_ID":1006,"PRODUCT_NAME":"Hammermill Color Copy Laser Paper","PRODUCT_STATUS":"AVAILABLE","COST_PRICE":13.49,"LIST_PRICE":17.49,"MIN_PRICE":9.99,"WARRANTY_PERIOD_MONTHS":6,"EXTERNAL_URL":"Images/OfficeSupplyProducts/Print/Print-Hammermill_Color_Laser.jpg","TWITTER_TAG":"AlphaOffice","ATTRIBUTE_CATEGORY":null,"ATTRIBUTE1":null,"ATTRIBUTE2":null,"ATTRIBUTE3":null,"ATTRIBUTE4":null,"ATTRIBUTE5":null,"CREATED_BY":"0","CREATION_DATE":"2014-01-10T00:00:00.000Z","LAST_UPDATED_BY":"0","LAST_UPDATE_DATE":"2014-01-10T00:00:00.000Z","OBJECT_VERSION_ID":1},{"PRODUCT_ID":1028,"PARENT_CATEGORY_ID":1001,"CATEGORY_ID":1006,"PRODUCT_NAME":"Boise HD:P Presentation Laser Paper 24 Lb.","PRODUCT_STATUS":"AVAILABLE","COST_PRICE":18.99,"LIST_PRICE":22.99,"MIN_PRICE":16.99,"WARRANTY_PERIOD_MONTHS":6,"EXTERNAL_URL":"Images/OfficeSupplyProducts/Print/Print-Boise_Presentation_Laser.jpg","TWITTER_TAG":"Boisepaper","ATTRIBUTE_CATEGORY":null,"ATTRIBUTE1":null,"ATTRIBUTE2":null,"ATTRIBUTE3":null,"ATTRIBUTE4":null,"ATTRIBUTE5":null,"CREATED_BY":"0","CREATION_DATE":"2014-01-10T00:00:00.000Z","LAST_UPDATED_BY":"0","LAST_UPDATE_DATE":"2014-01-10T00:00:00.000Z","OBJECT_VERSION_ID":1},{"PRODUCT_ID":1029,"PARENT_CATEGORY_ID":1001,"CATEGORY_ID":1006,"PRODUCT_NAME":"Boise Aspen Laser 30% Recycled Paper","PRODUCT_STATUS":"AVAILABLE","COST_PRICE":12.49,"LIST_PRICE":15.49,"MIN_PRICE":10.49,"WARRANTY_PERIOD_MONTHS":6,"EXTERNAL_URL":"Images/OfficeSupplyProducts/Print/Print-Aspen_Laser.jpg","TWITTER_TAG":"Boisepaper","ATTRIBUTE_CATEGORY":null,"ATTRIBUTE1":null,"ATTRIBUTE2":null,"ATTRIBUTE3":null,"ATTRIBUTE4":null,"ATTRIBUTE5":null,"CREATED_BY":"0","CREATION_DATE":"2014-01-10T00:00:00.000Z","LAST_UPDATED_BY":"0","LAST_UPDATE_DATE":"2014-01-10T00:00:00.000Z","OBJECT_VERSION_ID":1},{"PRODUCT_ID":1030,"PARENT_CATEGORY_ID":1001,"CATEGORY_ID":1008,"PRODUCT_NAME":"Epson S051016 Black Imaging Cartridge","PRODUCT_STATUS":"AVAILABLE","COST_PRICE":164.99,"LIST_PRICE":179.99,"MIN_PRICE":149.99,"WARRANTY_PERIOD_MONTHS":6,"EXTERNAL_URL":"Images/OfficeSupplyProducts/Print/Print-Epson_Black_Toner.jpg","TWITTER_TAG":"Epson","ATTRIBUTE_CATEGORY":null,"ATTRIBUTE1":null,"ATTRIBUTE2":null,"ATTRIBUTE3":null,"ATTRIBUTE4":null,"ATTRIBUTE5":null,"CREATED_BY":"0","CREATION_DATE":"2014-01-10T00:00:00.000Z","LAST_UPDATED_BY":"0","LAST_UPDATE_DATE":"2014-01-10T00:00:00.000Z","OBJECT_VERSION_ID":1},{"PRODUCT_ID":1031,"PARENT_CATEGORY_ID":1001,"CATEGORY_ID":1008,"PRODUCT_NAME":"Ricoh 885375 Cyan Toner Cartridge","PRODUCT_STATUS":"AVAILABLE","COST_PRICE":219.81,"LIST_PRICE":225.99,"MIN_PRICE":209.99,"WARRANTY_PERIOD_MONTHS":6,"EXTERNAL_URL":"Images/OfficeSupplyProducts/Print/Print-Richoh_Cyan_Toner.jpg","TWITTER_TAG":"AlphaOffice","ATTRIBUTE_CATEGORY":null,"ATTRIBUTE1":null,"ATTRIBUTE2":null,"ATTRIBUTE3":null,"ATTRIBUTE4":null,"ATTRIBUTE5":null,"CREATED_BY":"0","CREATION_DATE":"2014-01-10T00:00:00.000Z","LAST_UPDATED_BY":"0","LAST_UPDATE_DATE":"2014-01-10T00:00:00.000Z","OBJECT_VERSION_ID":1},{"PRODUCT_ID":1032,"PARENT_CATEGORY_ID":1001,"CATEGORY_ID":1008,"PRODUCT_NAME":"Panasonic UG-3313 Black Toner Cartridge","PRODUCT_STATUS":"AVAILABLE","COST_PRICE":234.99,"LIST_PRICE":249.99,"MIN_PRICE":199.99,"WARRANTY_PERIOD_MONTHS":6,"EXTERNAL_URL":"Images/OfficeSupplyProducts/Print/Print-Panasonic_Black_Toner.jpg","TWITTER_TAG":"Panasonic","ATTRIBUTE_CATEGORY":null,"ATTRIBUTE1":null,"ATTRIBUTE2":null,"ATTRIBUTE3":null,"ATTRIBUTE4":null,"ATTRIBUTE5":null,"CREATED_BY":"0","CREATION_DATE":"2014-01-10T00:00:00.000Z","LAST_UPDATED_BY":"0","LAST_UPDATE_DATE":"2014-01-10T00:00:00.000Z","OBJECT_VERSION_ID":1},{"PRODUCT_ID":1033,"PARENT_CATEGORY_ID":1002,"CATEGORY_ID":1010,"PRODUCT_NAME":"Paper Mate Sharpwriter Mechanical Pencil,Yellow, 0.7mm, 12/pk","PRODUCT_STATUS":"AVAILABLE","COST_PRICE":4.99,"LIST_PRICE":5.99,"MIN_PRICE":3.99,"WARRANTY_PERIOD_MONTHS":6,"EXTERNAL_URL":"Images/OfficeSupplyProducts/Write/Write-Papermate_Sharpwriter_Mechanical.jpg","TWITTER_TAG":"PaperMate","ATTRIBUTE_CATEGORY":null,"ATTRIBUTE1":null,"ATTRIBUTE2":null,"ATTRIBUTE3":null,"ATTRIBUTE4":null,"ATTRIBUTE5":null,"CREATED_BY":"0","CREATION_DATE":"2014-01-10T00:00:00.000Z","LAST_UPDATED_BY":"0","LAST_UPDATE_DATE":"2014-01-10T00:00:00.000Z","OBJECT_VERSION_ID":1},{"PRODUCT_ID":1034,"PARENT_CATEGORY_ID":1002,"CATEGORY_ID":1010,"PRODUCT_NAME":"Paper Mate Write Bros. Mechanical Pencil With Grip, 0.7mm, 12/pk","PRODUCT_STATUS":"AVAILABLE","COST_PRICE":6.49,"LIST_PRICE":8.99,"MIN_PRICE":5.25,"WARRANTY_PERIOD_MONTHS":6,"EXTERNAL_URL":"Images/OfficeSupplyProducts/Write/Write-Papermate_WriteBros_Mechanical.jpg","TWITTER_TAG":"PaperMate","ATTRIBUTE_CATEGORY":null,"ATTRIBUTE1":null,"ATTRIBUTE2":null,"ATTRIBUTE3":null,"ATTRIBUTE4":null,"ATTRIBUTE5":null,"CREATED_BY":"0","CREATION_DATE":"2014-01-10T00:00:00.000Z","LAST_UPDATED_BY":"0","LAST_UPDATE_DATE":"2014-01-10T00:00:00.000Z","OBJECT_VERSION_ID":1},{"PRODUCT_ID":1035,"PARENT_CATEGORY_ID":1002,"CATEGORY_ID":1010,"PRODUCT_NAME":"Just Basics Economy #2 Medium Soft Woodcase Pencils, 12/pk","PRODUCT_STATUS":"AVAILABLE","COST_PRICE":1.49,"LIST_PRICE":2.25,"MIN_PRICE":0.99,"WARRANTY_PERIOD_MONTHS":6,"EXTERNAL_URL":"Images/OfficeSupplyProducts/Write/Write-JustBasics_Economy_Wood.jpg","TWITTER_TAG":"AlphaOffice","ATTRIBUTE_CATEGORY":null,"ATTRIBUTE1":null,"ATTRIBUTE2":null,"ATTRIBUTE3":null,"ATTRIBUTE4":null,"ATTRIBUTE5":null,"CREATED_BY":"0","CREATION_DATE":"2014-01-10T00:00:00.000Z","LAST_UPDATED_BY":"0","LAST_UPDATE_DATE":"2014-01-10T00:00:00.000Z","OBJECT_VERSION_ID":1},{"PRODUCT_ID":1036,"PARENT_CATEGORY_ID":1002,"CATEGORY_ID":1010,"PRODUCT_NAME":"Ticonderoga Premium Presharpened #2 Pencils, 30/pk","PRODUCT_STATUS":"AVAILABLE","COST_PRICE":7.99,"LIST_PRICE":8.99,"MIN_PRICE":6.99,"WARRANTY_PERIOD_MONTHS":6,"EXTERNAL_URL":"Images/OfficeSupplyProducts/Write/Write-Ticonderoga_Presharpened.jpg","TWITTER_TAG":"AlphaOffice","ATTRIBUTE_CATEGORY":null,"ATTRIBUTE1":null,"ATTRIBUTE2":null,"ATTRIBUTE3":null,"ATTRIBUTE4":null,"ATTRIBUTE5":null,"CREATED_BY":"0","CREATION_DATE":"2014-01-10T00:00:00.000Z","LAST_UPDATED_BY":"0","LAST_UPDATE_DATE":"2014-01-10T00:00:00.000Z","OBJECT_VERSION_ID":1},{"PRODUCT_ID":1037,"PARENT_CATEGORY_ID":1002,"CATEGORY_ID":1011,"PRODUCT_NAME":"Sharpie Fine Point Permanent Markers, 12 Colored Markers","PRODUCT_STATUS":"AVAILABLE","COST_PRICE":9.99,"LIST_PRICE":11.99,"MIN_PRICE":8.99,"WARRANTY_PERIOD_MONTHS":6,"EXTERNAL_URL":"Images/OfficeSupplyProducts/Write/Write-Sharpie_Fine_Point_Permanent.jpg","TWITTER_TAG":"Sharpie","ATTRIBUTE_CATEGORY":null,"ATTRIBUTE1":null,"ATTRIBUTE2":null,"ATTRIBUTE3":null,"ATTRIBUTE4":null,"ATTRIBUTE5":null,"CREATED_BY":"0","CREATION_DATE":"2014-01-10T00:00:00.000Z","LAST_UPDATED_BY":"0","LAST_UPDATE_DATE":"2014-01-10T00:00:00.000Z","OBJECT_VERSION_ID":1},{"PRODUCT_ID":1038,"PARENT_CATEGORY_ID":1002,"CATEGORY_ID":1011,"PRODUCT_NAME":"Expo Low Odor Chisel Tip Dry Erase Markers, 12 Assorted Markers","PRODUCT_STATUS":"AVAILABLE","COST_PRICE":15.99,"LIST_PRICE":18.99,"MIN_PRICE":12.99,"WARRANTY_PERIOD_MONTHS":6,"EXTERNAL_URL":"Images/OfficeSupplyProducts/Write/Write-Expo_Dry_Erase_12.jpg","TWITTER_TAG":"Expodryerase","ATTRIBUTE_CATEGORY":null,"ATTRIBUTE1":null,"ATTRIBUTE2":null,"ATTRIBUTE3":null,"ATTRIBUTE4":null,"ATTRIBUTE5":null,"CREATED_BY":"0","CREATION_DATE":"2014-01-10T00:00:00.000Z","LAST_UPDATED_BY":"0","LAST_UPDATE_DATE":"2014-01-10T00:00:00.000Z","OBJECT_VERSION_ID":1}]}
